{
  "name": "LinearSVC",
  "accuracy": 1.0,
  "coef": [
    [
      0.0,
      0.0,
      -0.08216025746648405,
      -0.0032518182193764724,
      0.016669233457292414,
      0.05006020588746418,
      -0.020331105821449258,
      0.00818812669931551,
      0.02710965493130732,
      0.050358958102920855,
      0.004044494238039778,
      0.12362182584146032,
      0.03715011617549233,
      0.07096607124260727,
      -0.035199314753105226,
      -0.19536395361752928,
      -0.0867561250628182,
      -0.2063789200252489,
      0.08284868732335943,
      0.07009277828608221,
      0.12710438702698143,
      -0.03530534888673167,
      0.03545277811596735,
      0.3426895333944593,
      -0.03568391688500887,
      0.5154188880685974,
      0.10717067474037953,
      -0.008001851660218487,
      0.07663215994048232,
      -0.11912716630255092,
      -0.08940591881149847,
      -0.0628927054351186,
      -0.1972805816399164,
      0.03134583905556402,
      0.11475305856334317,
      -0.054733304345641685,
      0.1115991655424646,
      -0.13429969253795507,
      0.005889037665895789,
      -0.08391689322720787,
      -0.07405837205898919,
      0.04444166358554934
    ],
    [
      0.0,
      0.0,
      0.030517781022996553,
      0.0447387415348858,
      0.05149180343091261,
      0.0438518140402921,
      -0.05961499876613142,
      -0.08158488214785795,
      0.012303587951901954,
      -0.029619685761257664,
      0.01933065218744397,
      0.05205863860609368,
      0.034558687536566705,
      0.12710501616687067,
      0.004618358074370388,
      0.08283045974863106,
      -0.004796657816511066,
      0.08015152114882165,
      0.013080285815514521,
      0.01321005953069108,
      0.06904316784943458,
      -0.07870444266766087,
      0.08957110240873634,
      -0.41050576596127664,
      0.12142992159811981,
      -0.4489969091959777,
      0.029488872930018253,
      -0.0059729331547604125,
      0.018630260312365945,
      -0.14554309477288685,
      -0.051121922412285976,
      0.4261194187955645,
      -0.089537961979109,
      0.7437922836028366,
      0.0172774347747771,
      -0.07157571811125953,
      0.02610415139592992,
      -0.08646238406904684,
      -0.03947054511417355,
      -0.12517380296437144,
      -0.1063970053412856,
      -0.10028545853847397
    ],
    [
      0.0,
      0.0,
      -0.07845228014756116,
      -0.020433627250271195,
      0.0022736972220504686,
      -0.0025954439170367515,
      0.1154445566919517,
      0.04538869046117087,
      0.08612123527396293,
      -0.0009224704504059323,
      0.11937103898985976,
      0.016117765672394493,
      -0.0076740803639803856,
      -0.07920160213171575,
      0.024951376403556106,
      0.011168045495387214,
      0.04669376590926875,
      -0.014009995334931307,
      0.022853872095756463,
      0.0008818243310949598,
      -0.03891478513248045,
      -0.030243227754424888,
      -0.03570585431246335,
      0.027092069236440218,
      -0.0354395256483839,
      0.035300093643507266,
      -0.027143760019321218,
      -0.10136350110177413,
      0.05335474864486632,
      -0.17335469056799904,
      0.08047671966593124,
      -0.4626846988785684,
      0.08360100493841306,
      -0.5463950173522515,
      -0.01652752860351029,
      -0.07566392468079033,
      -0.12046053007122347,
      -0.45053417143903884,
      -0.19425859111115426,
      0.1664479779187198,
      -0.22816943150689614,
      1.0040934869048777
    ],
    [
      0.0,
      0.0,
      0.1256121660653907,
      0.07518376869372494,
      -0.03467134274027403,
      0.0332680644347231,
      -0.06316739800204448,
      0.03338183807335546,
      -0.028421941870411187,
      -0.015279198481670525,
      -0.018572175700478553,
      -0.05979488614962605,
      -0.07693019941569589,
      0.07179312857348848,
      -0.10226238173200015,
      -0.01831426227940864,
      -0.09152231237545912,
      0.002473379248539734,
      -0.001112531279873923,
      0.029747599125836834,
      -0.021111902496877725,
      0.11560535252321533,
      0.00906790352652557,
      -0.013742352658394248,
      0.04821731938714337,
      -0.04166472559362916,
      -0.008915237047311807,
      0.16292301953905544,
      -0.03535800369929544,
      0.18698517967741182,
      0.041671096522148815,
      0.04396243869090395,
      0.10120678553283796,
      -0.03538183705434035,
      -0.038384515737244156,
      0.1968148132632954,
      0.10153250141828746,
      0.46705406492123297,
      0.2546584614202587,
      -0.1629757140021503,
      0.34244779142074744,
      -0.953785776994101
    ],
    [
      0.0,
      0.0,
      -0.00275725044854506,
      -0.07009238882740948,
      -0.03559823412830016,
      -0.05676464176071658,
      -0.041621780584437794,
      0.027913179550908544,
      -0.10894335499645376,
      0.033396599899163854,
      -0.05850533215908954,
      -0.1378277309513619,
      -0.04613699755392782,
      -0.17586407522809033,
      0.049472345468844,
      0.07442169896167214,
      0.09675438650620141,
      0.0750947859024893,
      -0.046449625455675186,
      -0.11228766748342774,
      -0.04896817084417331,
      -0.022142655270232195,
      -0.02371337468845907,
      0.00652356617804357,
      -0.008685114665760652,
      -0.06530633271259995,
      -0.019912790194437247,
      -0.09046461342632135,
      -0.01136247319502101,
      0.014309974163135435,
      0.02169867540245221,
      0.03465088930493141,
      0.046089018506135636,
      -0.030230392943371067,
      0.0014424119772525382,
      -0.08949725091778263,
      5.386152466875312e-05,
      -0.028436580234566727,
      0.012562733069047127,
      0.04158698348857906,
      0.03335807564828755,
      0.04409887546308634
    ],
    [
      0.0,
      0.0,
      0.07405418568930396,
      0.006860034495303519,
      -0.038587819878044646,
      -0.12112795639011774,
      -0.04160408587039883,
      -0.24279787566483002,
      -0.02050071191585862,
      -0.24126386998296823,
      0.07666718741958795,
      0.014471954088821749,
      -0.01710352038394395,
      0.10967654188080837,
      -0.12343244630255916,
      0.03483502515508789,
      -0.19119228435967428,
      0.06968559174198312,
      -0.01789782815892204,
      0.03310480896762167,
      -0.010207165384027017,
      -0.058438052282960916,
      0.37583668890282174,
      0.07803494758479187,
      0.637173196802771,
      0.20977157476757372,
      -0.056924170854585565,
      0.0922703382481743,
      -0.1682348410282781,
      -0.0727947530653501,
      0.005090785420651984,
      -0.08023937602336,
      0.1439550842832968,
      -0.014084395135070097,
      -0.07076933837013641,
      0.170612682399073,
      -0.14753468831903319,
      -0.002108608810822211,
      0.07370656645101667,
      0.001579456695977279,
      0.2562326077147077,
      0.10515654263750367
    ],
    [
      0.0,
      0.0,
      0.16179173783285775,
      0.16489471419037824,
      0.10043735798983075,
      -0.11033839485427409,
      -0.0037351151668762192,
      0.02229122382553019,
      -0.09492367341684795,
      0.08258872958730633,
      0.13664266085433882,
      -0.08627538978897142,
      -0.017920031638751454,
      -0.19044515428445732,
      0.0016500134180643079,
      -0.08452984215835728,
      0.031835168134925304,
      -0.09391207950998276,
      -0.04250060743400028,
      -0.042952196063584865,
      -0.2820671652069988,
      0.25003148174479856,
      -0.5261123275385168,
      -0.03314967134349269,
      -0.693723498321089,
      -0.1929201345496079,
      -0.08151775424865472,
      -0.04889787238531222,
      0.08813829796999038,
      0.05949015593859751,
      0.6558456333381147,
      0.11527001227685388,
      0.9870033295047504,
      0.16438404041163143,
      -0.11634787692533308,
      -0.027945535192826707,
      -0.19916485916489207,
      -0.02713451302164285,
      -0.15816245999954642,
      -0.1097040007664302,
      -0.11715980969419841,
